baseline_name,num_queries,p_at_1,p_at_3,p_at_5,recall_at_5,recall_at_10,mrr,ndcg_at_5,ndcg_at_10,map
lexical,96,0.7708333333333334,0.6666666666666666,0.6041666666666666,0.20666951370430595,0.3391783885524865,0.8059895833333334,0.5884165714764461,0.5837939312548481,0.2949400666489409
vector,96,0.84375,0.704861111111111,0.6354166666666666,0.2716955142365982,0.4158656572217388,0.894469246031746,0.6330895956221805,0.6403500931063489,0.3475683119936947
vector_metadata,96,0.9166666666666666,0.7881944444444444,0.7166666666666667,0.3142811456698782,0.4757509403015031,0.9375992063492063,0.7164484593812198,0.717729802388719,0.4110129639299031
ontology_sparql,96,0.78125,0.7430555555555556,0.6833333333333333,0.2804939030768998,0.4348412014728331,0.8299479166666667,0.5418499336012595,0.5725328278694101,0.3766395639290397
hybrid,96,0.9375,0.7916666666666666,0.71875,0.3168631650997237,0.4813864554895253,0.9514880952380952,0.7250595237007308,0.7346262202405247,0.41868433778257774
hybrid_candidate_fusion,96,0.9479166666666666,0.8090277777777778,0.7479166666666667,0.34298743192459535,0.5272081299570331,0.9621527777777777,0.7484496725454627,0.7658357641583118,0.45263792103168593
