method,n_queries,P@1,P@5,Recall@5,Recall@10,MRR,nDCG@5,nDCG@10,MAP
vector_metadata,28,0.75,0.39285714285714285,0.4887755102040816,0.6245748299319728,0.8217687074829932,0.6143017033355447,0.6636095865403359,0.4749916990605766
hybrid,28,0.8214285714285714,0.40714285714285714,0.4980442176870748,0.6364795918367347,0.8693877551020408,0.669526385544799,0.7222030264667223,0.49720663265306125
hybrid_candidate_fusion,28,0.8571428571428571,0.42142857142857143,0.5278061224489796,0.7061224489795919,0.9,0.6720772905863673,0.7344596423424197,0.5428167517006802
hybrid_query_expansion,28,0.5714285714285714,0.34285714285714286,0.42423469387755103,0.5436224489795919,0.6797619047619048,0.5198188332618032,0.5656866288570435,0.4061344954648526
