baseline_name,num_queries,p_at_1,p_at_3,p_at_5,recall_at_5,recall_at_10,mrr,ndcg_at_5,ndcg_at_10,map
lexical,96,0.7916666666666666,0.6805555555555556,0.6354166666666666,0.21131512598905153,0.32972185735421555,0.8081597222222222,0.6194382330056386,0.5946439294743795,0.30162658353664085
vector,96,0.84375,0.7256944444444444,0.675,0.27848424327580323,0.4121812371559171,0.8885830026455026,0.6533945495502174,0.6409559640791695,0.3521225696922516
vector_metadata,96,0.8854166666666666,0.8055555555555556,0.7583333333333333,0.3139963833089865,0.47960979306118035,0.9178819444444445,0.7303843490673679,0.722552430770493,0.4080090510786687
ontology_sparql,96,0.7708333333333334,0.7291666666666666,0.6958333333333333,0.262447001732431,0.43114561356677583,0.8247395833333333,0.5562324138978815,0.5804936685194748,0.36724042174912996
hybrid,96,0.9375,0.8159722222222222,0.7625,0.32317562496105423,0.49715713727292676,0.9546130952380952,0.7634339401552048,0.7570234955896777,0.4291851548588043
hybrid_candidate_fusion,96,0.90625,0.8090277777777778,0.7541666666666667,0.3115436805166098,0.4957402401268629,0.9366319444444444,0.7477539333757457,0.7547326501883242,0.4260985991204337
