baseline_name,num_queries,p_at_1,p_at_3,p_at_5,recall_at_5,recall_at_10,mrr,ndcg_at_5,ndcg_at_10,map
lexical,28,0.392857,0.166667,0.121429,0.179167,0.188095,0.404762,0.267285,0.267647,0.165551
vector,28,0.642857,0.416667,0.321429,0.40102,0.471854,0.723951,0.534203,0.558917,0.365488
vector_metadata,28,0.642857,0.464286,0.371429,0.459014,0.578741,0.745238,0.553576,0.601359,0.398379
ontology_sparql,28,0.535714,0.380952,0.314286,0.34983,0.48682,0.626786,0.407718,0.458943,0.342683
hybrid,28,0.821429,0.5,0.392857,0.486139,0.624575,0.875,0.664514,0.710981,0.456584
