baseline_name,num_queries,p_at_1,p_at_3,p_at_5,recall_at_5,recall_at_10,mrr,ndcg_at_5,ndcg_at_10,map
vector_metadata,28,0.6428571428571429,0.46428571428571425,0.37142857142857144,0.4590136054421769,0.5787414965986395,0.7452380952380953,0.553576012771043,0.6013594879961613,0.3983791234747867
hybrid,28,0.8214285714285714,0.5,0.39285714285714285,0.48613945578231293,0.6245748299319728,0.875,0.6645143121603682,0.7109812351773269,0.4565839947089947
hybrid_candidate_fusion,28,0.7142857142857143,0.47619047619047616,0.3642857142857143,0.455187074829932,0.6207482993197279,0.8125,0.605592092577661,0.6690985082681408,0.4349440192743764
