baseline_name,num_queries,p_at_1,p_at_3,p_at_5,recall_at_5,recall_at_10,mrr,ndcg_at_5,ndcg_at_10,map
lexical,28,0.39285714285714285,0.21428571428571427,0.13571428571428573,0.1961734693877551,0.2652210884353742,0.4330357142857143,0.27153318660801934,0.2991416815408479,0.20001771541950114
vector,28,0.6785714285714286,0.4523809523809524,0.33571428571428574,0.41590136054421767,0.5343537414965986,0.7691326530612245,0.5559521791284107,0.6022241894284398,0.40156368102796675
vector_metadata,28,0.75,0.5238095238095238,0.39285714285714285,0.4887755102040816,0.6245748299319728,0.8217687074829932,0.6143017033355448,0.6636095865403359,0.4749916990605766
ontology_sparql,28,0.5714285714285714,0.42857142857142855,0.34285714285714286,0.3885204081632653,0.5114795918367346,0.6446428571428572,0.40914456529216575,0.4576995213611327,0.3880869371558147
hybrid,28,0.8214285714285714,0.5357142857142857,0.40714285714285714,0.4980442176870748,0.6364795918367347,0.8693877551020408,0.669526385544799,0.7222030264667223,0.4972066326530612
hybrid_candidate_fusion,28,0.8571428571428571,0.5595238095238095,0.42142857142857143,0.5278061224489796,0.7061224489795919,0.9,0.6720772905863673,0.7344596423424197,0.5428167517006802
