method,num_queries,p_at_1,p_at_3,p_at_5,recall_at_5,recall_at_10,mrr,ndcg_at_5,ndcg_at_10,map
vector_metadata,28,0.7142857142857143,0.4880952380952381,0.40714285714285714,0.5006802721088436,0.6364795918367347,0.8033163265306122,0.6055733991099294,0.6616839678680867,0.4662686264982183
kg_direct_only,28,0.7142857142857143,0.5,0.4142857142857143,0.5078231292517007,0.6364795918367347,0.8062925170068027,0.6350756934540794,0.6852993818736632,0.47544450518302556
kg_relation_only,28,0.75,0.4880952380952381,0.38571428571428573,0.47899659863945576,0.6364795918367347,0.819982993197279,0.6048245081530375,0.6713255409393075,0.4684020691609977
full_kg_no_intent,28,0.75,0.5,0.39285714285714285,0.48613945578231293,0.6364795918367347,0.8229591836734694,0.6234223704450707,0.6842622622366384,0.47587726757369614
full_hybrid,28,0.8214285714285714,0.5357142857142857,0.40714285714285714,0.4980442176870748,0.6364795918367347,0.8693877551020408,0.669526385544799,0.7222030264667223,0.4972066326530612
