baseline_name,num_queries,p_at_1,p_at_3,p_at_5,recall_at_5,mrr,ndcg_at_5,ndcg_at_10
hybrid,28,0.8214285714285714,0.5357142857142857,0.40714285714285714,0.4980442176870748,0.8693877551020408,0.669526385544799,0.7222030264667223
vector_metadata,28,0.75,0.5238095238095238,0.39285714285714285,0.4887755102040816,0.8217687074829932,0.6143017033355448,0.6636095865403359
hybrid_candidate_fusion,28,0.8571428571428571,0.5476190476190476,0.38571428571428573,0.47125850340136055,0.9,0.6533802158162503,0.7252403584142932
