baseline_name,p_at_1_old,p_at_1_new,p_at_1_delta,mrr_old,mrr_new,mrr_delta,ndcg_at_10_old,ndcg_at_10_new,ndcg_at_10_delta
hybrid,0.821429,0.821429,0.0,0.869388,0.875,0.00561199999999995,0.722203,0.710981,-0.011222000000000065
vector_metadata,0.75,0.642857,-0.10714299999999999,0.821769,0.745238,-0.07653100000000002,0.66361,0.601359,-0.062251000000000056
