baseline_name,p_at_1,recall_at_10,mrr,ndcg_at_10,map
vector_metadata,0.6428571428571429,0.5787414965986395,0.7452380952380953,0.6013594879961613,0.3983791234747867
hybrid,0.8214285714285714,0.6245748299319728,0.875,0.7109812351773269,0.4565839947089947
hybrid_candidate_fusion,0.7142857142857143,0.6207482993197279,0.8125,0.6690985082681408,0.4349440192743764
