method,p_at_1,mrr,ndcg_at_10
vector,0.642857,0.723951,0.558917
vector_metadata,0.642857,0.745238,0.601359
full_kg_no_intent,0.75,0.8226190476190476,0.6685770764960193
hybrid,0.821429,0.875,0.710981
