method,p_at_1,recall_at_10,mrr,ndcg_at_10,map
vector_metadata,0.6071428571428571,0.6245748299319728,0.7291666666666666,0.6104039292338279,0.3992405652737285
kg_direct_only,0.6785714285714286,0.6245748299319728,0.7821428571428571,0.6628751175515115,0.4305394598315517
kg_relation_only,0.6428571428571429,0.6245748299319728,0.7517857142857143,0.6205823292704583,0.3989812452758881
full_kg_no_intent,0.75,0.6245748299319728,0.8226190476190476,0.6685770764960193,0.4324059901738473
full_hybrid,0.8214285714285714,0.6245748299319728,0.875,0.7109812351773269,0.4565839947089947
