baseline_name,p_at_1,recall_at_10,mrr,ndcg_at_10,map
vector,0.84375,0.4121812371559171,0.8885830026455026,0.6409559640791695,0.3521225696922516
vector_metadata,0.8854166666666666,0.4796097930611803,0.9178819444444444,0.722552430770493,0.4080090510786687
hybrid,0.9375,0.4971571372729267,0.9546130952380952,0.7570234955896777,0.4291851548588043
hybrid_candidate_fusion,0.90625,0.4957402401268629,0.9366319444444444,0.7547326501883242,0.4260985991204337
